timestamp,value,quality_flag
2019-08-01 00:00:00,7.842360012664455,0
2019-08-01 01:00:00,2.929757737418896,0
2019-08-01 02:00:00,0.0030708422640676456,0
2019-08-01 03:00:00,0.0,0
2019-08-01 04:00:00,0.0,0
2019-08-01 05:00:00,0.0,0
2019-08-01 06:00:00,0.0,0
2019-08-01 07:00:00,0.0,0
2019-08-01 08:00:00,0.0,0
2019-08-01 09:00:00,0.0,0
2019-08-01 10:00:00,0.0,0
2019-08-01 11:00:00,0.0,0
2019-08-01 12:00:00,1.2956373229404419,0
2019-08-01 13:00:00,6.665953774870171,0
2019-08-01 14:00:00,9.009656170692764,0
2019-08-01 15:00:00,8.415626492189238,0
2019-08-01 16:00:00,9.554837100671884,0
2019-08-01 17:00:00,8.759993067661542,0
2019-08-01 18:00:00,8.732803894817133,0
2019-08-01 19:00:00,8.93112274171546,0
2019-08-01 20:00:00,9.079721135472383,0
2019-08-01 21:00:00,8.380727634640644,0
2019-08-01 22:00:00,8.07797070025088,0
2019-08-01 23:00:00,9.36259189679516,0
2019-08-02 00:00:00,8.149136652353802,0
2019-08-02 01:00:00,2.9797445969426253,0
2019-08-02 02:00:00,0.0009361117561879961,0
2019-08-02 03:00:00,0.0,0
2019-08-02 04:00:00,0.0,0
2019-08-02 05:00:00,0.0,0
2019-08-02 06:00:00,0.0,0
2019-08-02 07:00:00,0.0,0
2019-08-02 08:00:00,0.0,0
2019-08-02 09:00:00,0.0,0
2019-08-02 10:00:00,0.0,0
2019-08-02 11:00:00,0.0,0
2019-08-02 12:00:00,1.277048387930134,0
2019-08-02 13:00:00,7.195614734648767,0
2019-08-02 14:00:00,8.26976942616846,0
2019-08-02 15:00:00,9.127739596735418,0
2019-08-02 16:00:00,8.881597566638591,0
2019-08-02 17:00:00,8.864773077395698,0
2019-08-02 18:00:00,9.324884108301697,0
2019-08-02 19:00:00,9.73200061918585,0
2019-08-02 20:00:00,8.258751284830486,0
2019-08-02 21:00:00,8.384855581162908,0
2019-08-02 22:00:00,8.958596435695899,0
2019-08-02 23:00:00,9.139229516362514,0
2019-08-03 00:00:00,8.109809646008374,0
2019-08-03 01:00:00,2.946771043461468,0
2019-08-03 02:00:00,0.0,0
2019-08-03 03:00:00,0.0,0
2019-08-03 04:00:00,0.0,0
2019-08-03 05:00:00,0.0,0
2019-08-03 06:00:00,0.0,0
2019-08-03 07:00:00,0.0,0
2019-08-03 08:00:00,0.0,0
2019-08-03 09:00:00,0.0,0
2019-08-03 10:00:00,0.0,0
2019-08-03 11:00:00,0.0,0
2019-08-03 12:00:00,1.0685156561755025,0
2019-08-03 13:00:00,6.906216473413912,0
2019-08-03 14:00:00,9.047724803065805,0
2019-08-03 15:00:00,9.07239449469757,0
2019-08-03 16:00:00,9.32584868890932,0
2019-08-03 17:00:00,8.83893202820583,0
2019-08-03 18:00:00,7.126398213436803,0
2019-08-03 19:00:00,9.019745379716696,0
2019-08-03 20:00:00,9.258602853555255,0
2019-08-03 21:00:00,8.607758820707017,0
2019-08-03 22:00:00,8.89871545184234,0
2019-08-03 23:00:00,8.452495099036907,0
2019-08-04 00:00:00,7.84963344754616,0
2019-08-04 01:00:00,2.562165767381338,0
2019-08-04 02:00:00,0.0,0
2019-08-04 03:00:00,0.0,0
2019-08-04 04:00:00,0.0,0
2019-08-04 05:00:00,0.0,0
2019-08-04 06:00:00,0.0,0
2019-08-04 07:00:00,0.0,0
2019-08-04 08:00:00,0.0,0
2019-08-04 09:00:00,0.0,0
2019-08-04 10:00:00,0.0,0
2019-08-04 11:00:00,0.0,0
2019-08-04 12:00:00,1.216453833783664,0
2019-08-04 13:00:00,6.740542433119587,0
2019-08-04 14:00:00,8.638610795781355,0
2019-08-04 15:00:00,9.396530954305055,0
2019-08-04 16:00:00,8.179752261077063,0
2019-08-04 17:00:00,8.880488633253561,0
2019-08-04 18:00:00,8.230557601562046,0
2019-08-04 19:00:00,8.879832703174605,0
2019-08-04 20:00:00,9.318669870371231,0
2019-08-04 21:00:00,8.93276054760908,0
2019-08-04 22:00:00,8.606860356523887,0
2019-08-04 23:00:00,8.93876329864825,0
2019-08-05 00:00:00,8.049521339743146,0
2019-08-05 01:00:00,2.6330760209523034,0
2019-08-05 02:00:00,0.0,0
2019-08-05 03:00:00,0.0,0
2019-08-05 04:00:00,0.0,0
2019-08-05 05:00:00,0.0,0
2019-08-05 06:00:00,0.0,0
2019-08-05 07:00:00,0.0,0
2019-08-05 08:00:00,0.0,0
2019-08-05 09:00:00,0.0,0
2019-08-05 10:00:00,0.0,0
2019-08-05 11:00:00,0.0,0
2019-08-05 12:00:00,1.1556039612949986,0
2019-08-05 13:00:00,6.636498066890536,0
2019-08-05 14:00:00,8.871809198546218,0
2019-08-05 15:00:00,8.691474143859956,0
2019-08-05 16:00:00,8.696814053053409,0
2019-08-05 17:00:00,8.591702412314907,0
2019-08-05 18:00:00,8.682985086571248,0
2019-08-05 19:00:00,9.579791078091622,0
2019-08-05 20:00:00,8.554772195966622,0
2019-08-05 21:00:00,8.707260457903212,0
2019-08-05 22:00:00,9.012314626101121,0
2019-08-05 23:00:00,8.757810926788032,0
2019-08-06 00:00:00,7.522500138426356,0
2019-08-06 01:00:00,2.514692546712579,0
2019-08-06 02:00:00,0.0,0
2019-08-06 03:00:00,0.0,0
2019-08-06 04:00:00,0.0,0
2019-08-06 05:00:00,0.0,0
2019-08-06 06:00:00,0.0,0
2019-08-06 07:00:00,0.0,0
2019-08-06 08:00:00,0.0,0
2019-08-06 09:00:00,0.0,0
2019-08-06 10:00:00,0.0,0
2019-08-06 11:00:00,0.0,0
2019-08-06 12:00:00,1.1312727555117499,0
2019-08-06 13:00:00,6.58676975577177,0
2019-08-06 14:00:00,8.172458175755617,0
2019-08-06 15:00:00,8.5472600367702,0
2019-08-06 16:00:00,9.000855406387615,0
2019-08-06 17:00:00,9.070608681855633,0
2019-08-06 18:00:00,8.063144097882706,0
2019-08-06 19:00:00,8.344775737795748,0
2019-08-06 20:00:00,8.924037347061699,0
2019-08-06 21:00:00,8.703553130909395,0
2019-08-06 22:00:00,9.018206848895813,0
2019-08-06 23:00:00,9.442699817743309,0
2019-08-07 00:00:00,7.355437469190117,0
2019-08-07 01:00:00,2.0836249753704528,0
2019-08-07 02:00:00,0.0,0
2019-08-07 03:00:00,0.0,0
2019-08-07 04:00:00,0.0,0
2019-08-07 05:00:00,0.0,0
2019-08-07 06:00:00,0.0,0
2019-08-07 07:00:00,0.0,0
2019-08-07 08:00:00,0.0,0
2019-08-07 09:00:00,0.0,0
2019-08-07 10:00:00,0.0,0
2019-08-07 11:00:00,0.0,0
2019-08-07 12:00:00,0.9862590680538074,0
2019-08-07 13:00:00,6.067283043252402,0
2019-08-07 14:00:00,8.093676090734089,0
2019-08-07 15:00:00,8.615840191571575,0
2019-08-07 16:00:00,8.428133312259598,0
2019-08-07 17:00:00,9.008587808304767,0
2019-08-07 18:00:00,9.045415412095435,0
2019-08-07 19:00:00,8.745224578695952,0
2019-08-07 20:00:00,8.13386584617866,0
2019-08-07 21:00:00,8.474123957324949,0
2019-08-07 22:00:00,9.074904749240046,0
2019-08-07 23:00:00,9.065108324073789,0
2019-08-08 00:00:00,7.917171066487733,0
2019-08-08 01:00:00,2.5166291214561824,0
2019-08-08 02:00:00,0.0,0
2019-08-08 03:00:00,0.0,0
2019-08-08 04:00:00,0.0,0
2019-08-08 05:00:00,0.0,0
2019-08-08 06:00:00,0.0,0
2019-08-08 07:00:00,0.0,0
2019-08-08 08:00:00,0.0,0
2019-08-08 09:00:00,0.0,0
2019-08-08 10:00:00,0.0,0
2019-08-08 11:00:00,0.0,0
2019-08-08 12:00:00,0.8586747969697521,0
2019-08-08 13:00:00,6.804599251158442,0
2019-08-08 14:00:00,9.074516262150501,0
2019-08-08 15:00:00,8.960862729707081,0
2019-08-08 16:00:00,9.066662922076498,0
2019-08-08 17:00:00,8.61711663027638,0
2019-08-08 18:00:00,9.22336963052503,0
2019-08-08 19:00:00,8.911664613027227,0
2019-08-08 20:00:00,9.760151508431708,0
2019-08-08 21:00:00,8.783796193609817,0
2019-08-08 22:00:00,9.631702549372912,0
2019-08-08 23:00:00,7.678031203337448,0
2019-08-09 00:00:00,7.4246008174525455,0
2019-08-09 01:00:00,2.218585238702271,0
2019-08-09 02:00:00,0.0,0
2019-08-09 03:00:00,0.0,0
2019-08-09 04:00:00,0.0,0
2019-08-09 05:00:00,0.0,0
2019-08-09 06:00:00,0.0,0
2019-08-09 07:00:00,0.0,0
2019-08-09 08:00:00,0.0,0
2019-08-09 09:00:00,0.0,0
2019-08-09 10:00:00,0.0,0
2019-08-09 11:00:00,0.0,0
2019-08-09 12:00:00,0.803968678493577,0
2019-08-09 13:00:00,6.0871241502135796,0
2019-08-09 14:00:00,8.76106057639222,0
2019-08-09 15:00:00,9.23358258106859,0
2019-08-09 16:00:00,8.74954730609277,0
2019-08-09 17:00:00,8.281504081718342,0
2019-08-09 18:00:00,8.509689758281645,0
2019-08-09 19:00:00,7.960558174543255,0
2019-08-09 20:00:00,8.44327674045084,0
2019-08-09 21:00:00,8.556153876909573,0
2019-08-09 22:00:00,9.031455128264612,0
2019-08-09 23:00:00,8.646430234125015,0
2019-08-10 00:00:00,7.320740997874695,0
2019-08-10 01:00:00,1.9069265317285853,0
2019-08-10 02:00:00,0.0,0
2019-08-10 03:00:00,0.0,0
2019-08-10 04:00:00,0.0,0
2019-08-10 05:00:00,0.0,0
2019-08-10 06:00:00,0.0,0
2019-08-10 07:00:00,0.0,0
2019-08-10 08:00:00,0.0,0
2019-08-10 09:00:00,0.0,0
2019-08-10 10:00:00,0.0,0
2019-08-10 11:00:00,0.0,0
2019-08-10 12:00:00,0.8278006425103016,0
2019-08-10 13:00:00,6.532495077476714,0
2019-08-10 14:00:00,7.699520288474816,0
2019-08-10 15:00:00,9.364958801975096,0
2019-08-10 16:00:00,8.469166705420774,0
2019-08-10 17:00:00,9.211950002168207,0
2019-08-10 18:00:00,9.112732010913499,0
2019-08-10 19:00:00,9.481672919878816,0
2019-08-10 20:00:00,7.532749821618975,0
2019-08-10 21:00:00,9.54559061957878,0
2019-08-10 22:00:00,8.097700058619333,0
2019-08-10 23:00:00,9.100413523243905,0
2019-08-11 00:00:00,7.75334684809862,0
2019-08-11 01:00:00,1.9540804214164453,0
2019-08-11 02:00:00,0.0,0
2019-08-11 03:00:00,0.0,0
2019-08-11 04:00:00,0.0,0
2019-08-11 05:00:00,0.0,0
2019-08-11 06:00:00,0.0,0
2019-08-11 07:00:00,0.0,0
2019-08-11 08:00:00,0.0,0
2019-08-11 09:00:00,0.0,0
2019-08-11 10:00:00,0.0,0
2019-08-11 11:00:00,0.0,0
2019-08-11 12:00:00,0.7540837359750028,0
2019-08-11 13:00:00,5.935087837666529,0
2019-08-11 14:00:00,8.71394489606089,0
2019-08-11 15:00:00,9.30315622036752,0
2019-08-11 16:00:00,7.998966435438423,0
2019-08-11 17:00:00,8.674050375126674,0
2019-08-11 18:00:00,9.332281180967277,0
2019-08-11 19:00:00,8.84399680264819,0
2019-08-11 20:00:00,8.761965091705786,0
2019-08-11 21:00:00,8.711352484404621,0
2019-08-11 22:00:00,8.503510214765795,0
2019-08-11 23:00:00,8.584143527837655,0
2019-08-12 00:00:00,7.962909459796003,0
2019-08-12 01:00:00,1.8863659101349166,0
2019-08-12 02:00:00,0.0,0
2019-08-12 03:00:00,0.0,0
2019-08-12 04:00:00,0.0,0
2019-08-12 05:00:00,0.0,0
2019-08-12 06:00:00,0.0,0
2019-08-12 07:00:00,0.0,0
2019-08-12 08:00:00,0.0,0
2019-08-12 09:00:00,0.0,0
2019-08-12 10:00:00,0.0,0
2019-08-12 11:00:00,0.0,0
2019-08-12 12:00:00,0.7604022524179479,0
2019-08-12 13:00:00,6.469785783110666,0
2019-08-12 14:00:00,8.457432080186145,0
2019-08-12 15:00:00,8.67161577612045,0
2019-08-12 16:00:00,8.597779840448487,0
2019-08-12 17:00:00,9.594956179997524,0
2019-08-12 18:00:00,8.918227111439021,0
2019-08-12 19:00:00,8.72310364895916,0
2019-08-12 20:00:00,8.574198049518552,0
2019-08-12 21:00:00,8.805970604567612,0
2019-08-12 22:00:00,8.32687939790838,0
2019-08-12 23:00:00,9.576452219828605,0
2019-08-13 00:00:00,7.2052098812321494,0
2019-08-13 01:00:00,1.9576552909949385,0
2019-08-13 02:00:00,0.0,0
2019-08-13 03:00:00,0.0,0
2019-08-13 04:00:00,0.0,0
2019-08-13 05:00:00,0.0,0
2019-08-13 06:00:00,0.0,0
2019-08-13 07:00:00,0.0,0
2019-08-13 08:00:00,0.0,0
2019-08-13 09:00:00,0.0,0
2019-08-13 10:00:00,0.0,0
2019-08-13 11:00:00,0.0,0
2019-08-13 12:00:00,0.844088384760972,0
2019-08-13 13:00:00,6.048339590444319,0
2019-08-13 14:00:00,8.482302974222048,0
2019-08-13 15:00:00,8.71341240420861,0
2019-08-13 16:00:00,8.74687354263617,0
2019-08-13 17:00:00,9.07643472906401,0
2019-08-13 18:00:00,8.56569596113341,0
2019-08-13 19:00:00,9.21312541853795,0
2019-08-13 20:00:00,9.080380149274188,0
2019-08-13 21:00:00,8.780353065857947,0
2019-08-13 22:00:00,8.175732177155094,0
2019-08-13 23:00:00,9.412100140708375,0
2019-08-14 00:00:00,7.31455302738489,0
2019-08-14 01:00:00,1.7109825590087857,0
2019-08-14 02:00:00,0.0,0
2019-08-14 03:00:00,0.0,0
2019-08-14 04:00:00,0.0,0
2019-08-14 05:00:00,0.0,0
2019-08-14 06:00:00,0.0,0
2019-08-14 07:00:00,0.0,0
2019-08-14 08:00:00,0.0,0
2019-08-14 09:00:00,0.0,0
2019-08-14 10:00:00,0.0,0
2019-08-14 11:00:00,0.0,0
2019-08-14 12:00:00,0.7819131182460346,0
2019-08-14 13:00:00,6.753121373455497,0
2019-08-14 14:00:00,9.210199424555743,0
2019-08-14 15:00:00,8.254104270517095,0
2019-08-14 16:00:00,8.222538356466794,0
2019-08-14 17:00:00,8.11459475851201,0
2019-08-14 18:00:00,8.972749780214757,0
2019-08-14 19:00:00,9.451205646131841,0
2019-08-14 20:00:00,8.842010985423492,0
2019-08-14 21:00:00,8.626136790050712,0
2019-08-14 22:00:00,9.473917517255776,0
2019-08-14 23:00:00,8.788862246667565,0
2019-08-15 00:00:00,6.561744701899816,0
2019-08-15 01:00:00,1.5896726343526375,0
2019-08-15 02:00:00,0.0,0
2019-08-15 03:00:00,0.0,0
2019-08-15 04:00:00,0.0,0
2019-08-15 05:00:00,0.0,0
2019-08-15 06:00:00,0.0,0
2019-08-15 07:00:00,0.0,0
2019-08-15 08:00:00,0.0,0
2019-08-15 09:00:00,0.0,0
2019-08-15 10:00:00,0.0,0
2019-08-15 11:00:00,0.0,0
2019-08-15 12:00:00,0.5840775559391431,0
2019-08-15 13:00:00,5.621412084073467,0
2019-08-15 14:00:00,8.359378502162029,0
2019-08-15 15:00:00,8.861933470261722,0
2019-08-15 16:00:00,9.087098557858658,0
2019-08-15 17:00:00,7.984003423877751,0
2019-08-15 18:00:00,8.670467374057058,0
2019-08-15 19:00:00,7.963655333680919,0
2019-08-15 20:00:00,8.71953105961932,0
2019-08-15 21:00:00,9.639802804009395,0
2019-08-15 22:00:00,8.853550080636497,0
2019-08-15 23:00:00,8.97499842900255,0
2019-08-16 00:00:00,6.535091610226293,0
2019-08-16 01:00:00,1.2797994739932312,0
2019-08-16 02:00:00,0.0,0
2019-08-16 03:00:00,0.0,0
2019-08-16 04:00:00,0.0,0
2019-08-16 05:00:00,0.0,0
2019-08-16 06:00:00,0.0,0
2019-08-16 07:00:00,0.0,0
2019-08-16 08:00:00,0.0,0
2019-08-16 09:00:00,0.0,0
2019-08-16 10:00:00,0.0,0
2019-08-16 11:00:00,0.0,0
2019-08-16 12:00:00,0.6748203881254845,0
2019-08-16 13:00:00,5.710611307897261,0
2019-08-16 14:00:00,8.144747099692113,0
2019-08-16 15:00:00,8.313990765759147,0
2019-08-16 16:00:00,8.980206951894253,0
2019-08-16 17:00:00,8.753192697662653,0
2019-08-16 18:00:00,9.024290612289777,0
2019-08-16 19:00:00,9.06566742319994,0
2019-08-16 20:00:00,8.688200360673507,0
2019-08-16 21:00:00,8.782414461039695,0
2019-08-16 22:00:00,8.265537586117611,0
2019-08-16 23:00:00,8.815151178403495,0
2019-08-17 00:00:00,7.224717924170197,0
2019-08-17 01:00:00,1.4562517760097549,0
2019-08-17 02:00:00,0.0,0
2019-08-17 03:00:00,0.0,0
2019-08-17 04:00:00,0.0,0
2019-08-17 05:00:00,0.0,0
2019-08-17 06:00:00,0.0,0
2019-08-17 07:00:00,0.0,0
2019-08-17 08:00:00,0.0,0
2019-08-17 09:00:00,0.0,0
2019-08-17 10:00:00,0.0,0
2019-08-17 11:00:00,0.0,0
2019-08-17 12:00:00,0.5715953077817303,0
2019-08-17 13:00:00,6.0615504449349205,0
2019-08-17 14:00:00,8.57155582236983,0
2019-08-17 15:00:00,9.228162863378762,0
2019-08-17 16:00:00,8.056930446782426,0
2019-08-17 17:00:00,9.075716122111087,0
2019-08-17 18:00:00,8.851690734348555,0
2019-08-17 19:00:00,9.389444423730309,0
2019-08-17 20:00:00,8.579824949007232,0
2019-08-17 21:00:00,8.334254929315593,0
2019-08-17 22:00:00,8.336949172322344,0
2019-08-17 23:00:00,9.152020669813044,0
2019-08-18 00:00:00,7.220768515286392,0
2019-08-18 01:00:00,1.223831362490347,0
2019-08-18 02:00:00,0.0,0
2019-08-18 03:00:00,0.0,0
2019-08-18 04:00:00,0.0,0
2019-08-18 05:00:00,0.0,0
2019-08-18 06:00:00,0.0,0
2019-08-18 07:00:00,0.0,0
2019-08-18 08:00:00,0.0,0
2019-08-18 09:00:00,0.0,0
2019-08-18 10:00:00,0.0,0
2019-08-18 11:00:00,0.0,0
2019-08-18 12:00:00,0.5847522996084662,0
2019-08-18 13:00:00,5.967650454738592,0
2019-08-18 14:00:00,8.642882558915518,0
2019-08-18 15:00:00,8.054375193090621,0
2019-08-18 16:00:00,9.204861992570555,0
2019-08-18 17:00:00,7.670058221093839,0
2019-08-18 18:00:00,8.82379273040897,0
2019-08-18 19:00:00,8.889452469655156,0
2019-08-18 20:00:00,9.16564623208693,0
2019-08-18 21:00:00,8.985587993508643,0
2019-08-18 22:00:00,8.655649341650259,0
2019-08-18 23:00:00,8.880455252747282,0
2019-08-19 00:00:00,6.7697698968716375,0
2019-08-19 01:00:00,1.2283174626353002,0
2019-08-19 02:00:00,0.0,0
2019-08-19 03:00:00,0.0,0
2019-08-19 04:00:00,0.0,0
2019-08-19 05:00:00,0.0,0
2019-08-19 06:00:00,0.0,0
2019-08-19 07:00:00,0.0,0
2019-08-19 08:00:00,0.0,0
2019-08-19 09:00:00,0.0,0
2019-08-19 10:00:00,0.0,0
2019-08-19 11:00:00,0.0,0
2019-08-19 12:00:00,0.5809875077369782,0
2019-08-19 13:00:00,5.704899123678122,0
2019-08-19 14:00:00,8.807877072942384,0
2019-08-19 15:00:00,8.020941170529028,0
2019-08-19 16:00:00,8.68391020035109,0
2019-08-19 17:00:00,9.46651014924808,0
2019-08-19 18:00:00,8.349124180681905,0
2019-08-19 19:00:00,9.01149355783769,0
2019-08-19 20:00:00,8.927124822017733,0
2019-08-19 21:00:00,8.802445420302638,0
2019-08-19 22:00:00,9.20982840331439,0
2019-08-19 23:00:00,7.765680972685506,0
2019-08-20 00:00:00,6.190611344125212,0
2019-08-20 01:00:00,1.0772867183958308,0
2019-08-20 02:00:00,0.0,0
2019-08-20 03:00:00,0.0,0
2019-08-20 04:00:00,0.0,0
2019-08-20 05:00:00,0.0,0
2019-08-20 06:00:00,0.0,0
2019-08-20 07:00:00,0.0,0
2019-08-20 08:00:00,0.0,0
2019-08-20 09:00:00,0.0,0
2019-08-20 10:00:00,0.0,0
2019-08-20 11:00:00,0.0,0
2019-08-20 12:00:00,0.5400830335443801,0
2019-08-20 13:00:00,5.496890621347568,0
2019-08-20 14:00:00,9.674656921670342,0
2019-08-20 15:00:00,8.636605089944753,0
2019-08-20 16:00:00,8.905342183796266,0
2019-08-20 17:00:00,8.767904012751316,0
2019-08-20 18:00:00,8.856038937713675,0
2019-08-20 19:00:00,9.38086738919825,0
2019-08-20 20:00:00,8.943562570946328,0
2019-08-20 21:00:00,7.988973775259287,0
2019-08-20 22:00:00,8.542766151295,0
2019-08-20 23:00:00,8.878636485932853,0
2019-08-21 00:00:00,6.7563852545230985,0
2019-08-21 01:00:00,1.173860697937781,0
2019-08-21 02:00:00,0.0,0
2019-08-21 03:00:00,0.0,0
2019-08-21 04:00:00,0.0,0
2019-08-21 05:00:00,0.0,0
2019-08-21 06:00:00,0.0,0
2019-08-21 07:00:00,0.0,0
2019-08-21 08:00:00,0.0,0
2019-08-21 09:00:00,0.0,0
2019-08-21 10:00:00,0.0,0
2019-08-21 11:00:00,0.0,0
2019-08-21 12:00:00,0.35356038842103654,0
2019-08-21 13:00:00,4.70864845972597,0
2019-08-21 14:00:00,8.42209355885838,0
2019-08-21 15:00:00,8.490265610680876,0
2019-08-21 16:00:00,9.170713823366706,0
2019-08-21 17:00:00,8.499167720700077,0
2019-08-21 18:00:00,8.468206860715215,0
2019-08-21 19:00:00,9.31968186793319,0
2019-08-21 20:00:00,8.304884608450758,0
2019-08-21 21:00:00,8.762860456809424,0
2019-08-21 22:00:00,9.557013806504917,0
2019-08-21 23:00:00,8.839659644153153,0
2019-08-22 00:00:00,6.71442878555047,0
2019-08-22 01:00:00,1.0182325426030718,0
2019-08-22 02:00:00,0.0,0
2019-08-22 03:00:00,0.0,0
2019-08-22 04:00:00,0.0,0
2019-08-22 05:00:00,0.0,0
2019-08-22 06:00:00,0.0,0
2019-08-22 07:00:00,0.0,0
2019-08-22 08:00:00,0.0,0
2019-08-22 09:00:00,0.0,0
2019-08-22 10:00:00,0.0,0
2019-08-22 11:00:00,0.0,0
2019-08-22 12:00:00,0.3782067252234695,0
2019-08-22 13:00:00,5.538439652296696,0
2019-08-22 14:00:00,8.461922106600491,0
2019-08-22 15:00:00,8.772389653582778,0
2019-08-22 16:00:00,8.839492079831434,0
2019-08-22 17:00:00,8.079579302634812,0
2019-08-22 18:00:00,8.528792322701303,0
2019-08-22 19:00:00,9.24113892379594,0
2019-08-22 20:00:00,7.9258800866323185,0
2019-08-22 21:00:00,8.776865705198631,0
2019-08-22 22:00:00,9.567976112558648,0
2019-08-22 23:00:00,9.260747984490985,0
2019-08-23 00:00:00,6.863350019405843,0
2019-08-23 01:00:00,0.9582680637006763,0
2019-08-23 02:00:00,0.0,0
2019-08-23 03:00:00,0.0,0
2019-08-23 04:00:00,0.0,0
2019-08-23 05:00:00,0.0,0
2019-08-23 06:00:00,0.0,0
2019-08-23 07:00:00,0.0,0
2019-08-23 08:00:00,0.0,0
2019-08-23 09:00:00,0.0,0
2019-08-23 10:00:00,0.0,0
2019-08-23 11:00:00,0.0,0
2019-08-23 12:00:00,0.3626241351891098,0
2019-08-23 13:00:00,5.7486457801530335,0
2019-08-23 14:00:00,8.660819829252228,0
2019-08-23 15:00:00,9.221190878725485,0
2019-08-23 16:00:00,8.165734803629645,0
2019-08-23 17:00:00,8.218115276228865,0
2019-08-23 18:00:00,8.177362434139974,0
2019-08-23 19:00:00,9.16857001947935,0
2019-08-23 20:00:00,9.26397665240562,0
2019-08-23 21:00:00,8.906009316082113,0
2019-08-23 22:00:00,9.190577093880002,0
2019-08-23 23:00:00,9.286062250944639,0
2019-08-24 00:00:00,5.714479349898613,0
2019-08-24 01:00:00,0.8805771516633288,0
2019-08-24 02:00:00,0.0,0
2019-08-24 03:00:00,0.0,0
2019-08-24 04:00:00,0.0,0
2019-08-24 05:00:00,0.0,0
2019-08-24 06:00:00,0.0,0
2019-08-24 07:00:00,0.0,0
2019-08-24 08:00:00,0.0,0
2019-08-24 09:00:00,0.0,0
2019-08-24 10:00:00,0.0,0
2019-08-24 11:00:00,0.0,0
2019-08-24 12:00:00,0.301900348726628,0
2019-08-24 13:00:00,5.1068508596796365,0
2019-08-24 14:00:00,8.964941431341126,0
2019-08-24 15:00:00,8.291103317152805,0
2019-08-24 16:00:00,8.707034181808899,0
2019-08-24 17:00:00,8.63399817772821,0
2019-08-24 18:00:00,8.268481232624652,0
2019-08-24 19:00:00,8.96108835396826,0
2019-08-24 20:00:00,8.327588730000997,0
2019-08-24 21:00:00,8.379146735157713,0
2019-08-24 22:00:00,8.627609571953725,0
2019-08-24 23:00:00,8.394144848567072,0
2019-08-25 00:00:00,6.383374096308626,0
2019-08-25 01:00:00,0.7380711663332796,0
2019-08-25 02:00:00,0.0,0
2019-08-25 03:00:00,0.0,0
2019-08-25 04:00:00,0.0,0
2019-08-25 05:00:00,0.0,0
2019-08-25 06:00:00,0.0,0
2019-08-25 07:00:00,0.0,0
2019-08-25 08:00:00,0.0,0
2019-08-25 09:00:00,0.0,0
2019-08-25 10:00:00,0.0,0
2019-08-25 11:00:00,0.0,0
2019-08-25 12:00:00,0.34702650207290553,0
2019-08-25 13:00:00,5.255622366570544,0
2019-08-25 14:00:00,9.22342730099657,0
2019-08-25 15:00:00,9.843126788149105,0
2019-08-25 16:00:00,9.50697835866618,0
2019-08-25 17:00:00,9.089424929347961,0
2019-08-25 18:00:00,8.65165600191182,0
2019-08-25 19:00:00,8.351609199698439,0
2019-08-25 20:00:00,9.12302547954602,0
2019-08-25 21:00:00,9.144429114044586,0
2019-08-25 22:00:00,9.473331498487811,0
2019-08-25 23:00:00,8.307147658098993,0
2019-08-26 00:00:00,6.526238457006774,0
2019-08-26 01:00:00,0.7040531880073096,0
2019-08-26 02:00:00,0.0,0
2019-08-26 03:00:00,0.0,0
2019-08-26 04:00:00,0.0,0
2019-08-26 05:00:00,0.0,0
2019-08-26 06:00:00,0.0,0
2019-08-26 07:00:00,0.0,0
2019-08-26 08:00:00,0.0,0
2019-08-26 09:00:00,0.0,0
2019-08-26 10:00:00,0.0,0
2019-08-26 11:00:00,0.0,0
2019-08-26 12:00:00,0.25305471350283965,0
2019-08-26 13:00:00,4.971900620594509,0
2019-08-26 14:00:00,9.54681896168437,0
2019-08-26 15:00:00,8.235493140890103,0
2019-08-26 16:00:00,9.161939405122778,0
2019-08-26 17:00:00,8.279855932600812,0
2019-08-26 18:00:00,9.2452034296316,0
2019-08-26 19:00:00,7.404665873896128,0
2019-08-26 20:00:00,8.9788218806057,0
2019-08-26 21:00:00,9.432326268214167,0
2019-08-26 22:00:00,8.73359590834187,0
2019-08-26 23:00:00,8.038305296527495,0
2019-08-27 00:00:00,6.113187266052879,0
2019-08-27 01:00:00,0.6671100872200633,0
2019-08-27 02:00:00,0.0,0
2019-08-27 03:00:00,0.0,0
2019-08-27 04:00:00,0.0,0
2019-08-27 05:00:00,0.0,0
2019-08-27 06:00:00,0.0,0
2019-08-27 07:00:00,0.0,0
2019-08-27 08:00:00,0.0,0
2019-08-27 09:00:00,0.0,0
2019-08-27 10:00:00,0.0,0
2019-08-27 11:00:00,0.0,0
2019-08-27 12:00:00,0.22248449622742186,0
2019-08-27 13:00:00,5.631424745100442,0
2019-08-27 14:00:00,8.201627393448272,0
2019-08-27 15:00:00,9.083950349687907,0
2019-08-27 16:00:00,8.403944905342899,0
2019-08-27 17:00:00,8.97652257477535,0
2019-08-27 18:00:00,8.640944578782321,0
2019-08-27 19:00:00,8.523235056980628,0
2019-08-27 20:00:00,9.12127011843921,0
2019-08-27 21:00:00,9.237040171189168,0
2019-08-27 22:00:00,9.751600582819608,0
2019-08-27 23:00:00,9.289909580614411,0
2019-08-28 00:00:00,5.463425630869072,0
2019-08-28 01:00:00,0.5937939952409709,0
2019-08-28 02:00:00,0.0,0
2019-08-28 03:00:00,0.0,0
2019-08-28 04:00:00,0.0,0
2019-08-28 05:00:00,0.0,0
2019-08-28 06:00:00,0.0,0
2019-08-28 07:00:00,0.0,0
2019-08-28 08:00:00,0.0,0
2019-08-28 09:00:00,0.0,0
2019-08-28 10:00:00,0.0,0
2019-08-28 11:00:00,0.0,0
2019-08-28 12:00:00,0.24890183162113214,0
2019-08-28 13:00:00,5.208658541135276,0
2019-08-28 14:00:00,8.48545354961201,0
2019-08-28 15:00:00,9.05351289380876,0
2019-08-28 16:00:00,8.55527895773639,0
2019-08-28 17:00:00,8.99153392874979,0
2019-08-28 18:00:00,8.649668406917593,0
2019-08-28 19:00:00,7.706225113805679,0
2019-08-28 20:00:00,9.019770232563966,0
2019-08-28 21:00:00,8.988491152961705,0
2019-08-28 22:00:00,8.064814147394234,0
2019-08-28 23:00:00,8.2789956230452,0
2019-08-29 00:00:00,5.542176346809533,0
2019-08-29 01:00:00,0.4403012927727577,0
2019-08-29 02:00:00,0.0,0
2019-08-29 03:00:00,0.0,0
2019-08-29 04:00:00,0.0,0
2019-08-29 05:00:00,0.0,0
2019-08-29 06:00:00,0.0,0
2019-08-29 07:00:00,0.0,0
2019-08-29 08:00:00,0.0,0
2019-08-29 09:00:00,0.0,0
2019-08-29 10:00:00,0.0,0
2019-08-29 11:00:00,0.0,0
2019-08-29 12:00:00,0.25122468123168507,0
2019-08-29 13:00:00,4.258049876733955,0
2019-08-29 14:00:00,8.718186015035856,0
2019-08-29 15:00:00,8.701683957780526,0
2019-08-29 16:00:00,8.059267705411253,0
2019-08-29 17:00:00,8.96954066077423,0
2019-08-29 18:00:00,8.509584109733785,0
2019-08-29 19:00:00,8.019296825939714,0
2019-08-29 20:00:00,8.176772080373427,0
2019-08-29 21:00:00,8.63220221428994,0
2019-08-29 22:00:00,8.191756209227997,0
2019-08-29 23:00:00,8.943173594402397,0
2019-08-30 00:00:00,5.100142512030845,0
2019-08-30 01:00:00,0.41412614143929205,0
2019-08-30 02:00:00,0.0,0
2019-08-30 03:00:00,0.0,0
2019-08-30 04:00:00,0.0,0
2019-08-30 05:00:00,0.0,0
2019-08-30 06:00:00,0.0,0
2019-08-30 07:00:00,0.0,0
2019-08-30 08:00:00,0.0,0
2019-08-30 09:00:00,0.0,0
2019-08-30 10:00:00,0.0,0
2019-08-30 11:00:00,0.0,0
2019-08-30 12:00:00,0.2209018242230619,0
2019-08-30 13:00:00,4.917167609289021,0
2019-08-30 14:00:00,8.700272980497914,0
2019-08-30 15:00:00,8.901888839755454,0
2019-08-30 16:00:00,8.004070883449526,0
2019-08-30 17:00:00,8.748074271944617,0
2019-08-30 18:00:00,8.661551258555283,0
2019-08-30 19:00:00,8.591812993751892,0
2019-08-30 20:00:00,9.117539686689375,0
2019-08-30 21:00:00,8.37283842735408,0
2019-08-30 22:00:00,8.994903108002624,0
2019-08-30 23:00:00,8.827383563693186,0
2019-08-31 00:00:00,4.966992440117991,0
2019-08-31 01:00:00,0.3609390811547825,0
2019-08-31 02:00:00,0.0,0
2019-08-31 03:00:00,0.0,0
2019-08-31 04:00:00,0.0,0
2019-08-31 05:00:00,0.0,0
2019-08-31 06:00:00,0.0,0
2019-08-31 07:00:00,0.0,0
2019-08-31 08:00:00,0.0,0
2019-08-31 09:00:00,0.0,0
2019-08-31 10:00:00,0.0,0
2019-08-31 11:00:00,0.0,0
2019-08-31 12:00:00,0.1621405395514209,0
2019-08-31 13:00:00,5.035269066810398,0
2019-08-31 14:00:00,8.975464954623964,0
2019-08-31 15:00:00,8.67925680696523,0
2019-08-31 16:00:00,8.382487898304406,0
2019-08-31 17:00:00,8.499535877571674,0
2019-08-31 18:00:00,8.460355517703654,0
2019-08-31 19:00:00,8.343518309140103,0
2019-08-31 20:00:00,8.3868540058825,0
2019-08-31 21:00:00,8.38522385463839,0
2019-08-31 22:00:00,8.925409672668776,0
2019-08-31 23:00:00,8.145361890304676,0
2019-09-01 00:00:00,5.686014200731063,0
2019-09-01 01:00:00,0.2874954480980037,0
2019-09-01 02:00:00,0.0,0
2019-09-01 03:00:00,0.0,0
2019-09-01 04:00:00,0.0,0
2019-09-01 05:00:00,0.0,0
2019-09-01 06:00:00,0.0,0
2019-09-01 07:00:00,0.0,0
2019-09-01 08:00:00,0.0,0
2019-09-01 09:00:00,0.0,0
2019-09-01 10:00:00,0.0,0
2019-09-01 11:00:00,0.0,0
2019-09-01 12:00:00,0.17350774174853215,0
2019-09-01 13:00:00,5.003512718820073,0
2019-09-01 14:00:00,8.817383374838862,0
2019-09-01 15:00:00,8.085157248137763,0
2019-09-01 16:00:00,8.598504202027618,0
2019-09-01 17:00:00,8.403904872207276,0
2019-09-01 18:00:00,8.40902060969992,0
2019-09-01 19:00:00,9.074623877584154,0
2019-09-01 20:00:00,8.850084589115328,0
2019-09-01 21:00:00,8.815518096172385,0
2019-09-01 22:00:00,8.828687567958637,0
2019-09-01 23:00:00,8.931298006268287,0
2019-09-02 00:00:00,5.113858777104697,0
2019-09-02 01:00:00,0.29923892416453496,0
2019-09-02 02:00:00,0.0,0
2019-09-02 03:00:00,0.0,0
2019-09-02 04:00:00,0.0,0
2019-09-02 05:00:00,0.0,0
2019-09-02 06:00:00,0.0,0
2019-09-02 07:00:00,0.0,0
2019-09-02 08:00:00,0.0,0
2019-09-02 09:00:00,0.0,0
2019-09-02 10:00:00,0.0,0
2019-09-02 11:00:00,0.0,0
2019-09-02 12:00:00,0.11729256645173292,0
2019-09-02 13:00:00,4.627011973052091,0
2019-09-02 14:00:00,9.320473870070051,0
2019-09-02 15:00:00,8.822399914114758,0
2019-09-02 16:00:00,8.16871007190287,0
2019-09-02 17:00:00,8.938930461539039,0
2019-09-02 18:00:00,9.048235677539004,0
2019-09-02 19:00:00,8.490117836776946,0
2019-09-02 20:00:00,8.445061801879392,0
2019-09-02 21:00:00,8.544016260594894,0
2019-09-02 22:00:00,8.91200268958755,0
2019-09-02 23:00:00,8.521582871005284,0
2019-09-03 00:00:00,5.136004329368353,0
2019-09-03 01:00:00,0.232986089810545,0
2019-09-03 02:00:00,0.0,0
2019-09-03 03:00:00,0.0,0
2019-09-03 04:00:00,0.0,0
2019-09-03 05:00:00,0.0,0
2019-09-03 06:00:00,0.0,0
2019-09-03 07:00:00,0.0,0
2019-09-03 08:00:00,0.0,0
2019-09-03 09:00:00,0.0,0
2019-09-03 10:00:00,0.0,0
2019-09-03 11:00:00,0.0,0
2019-09-03 12:00:00,0.13996329162173518,0
2019-09-03 13:00:00,4.485475591903978,0
2019-09-03 14:00:00,8.819677375173367,0
2019-09-03 15:00:00,9.552531903550525,0
2019-09-03 16:00:00,8.47804044253165,0
2019-09-03 17:00:00,8.491497677176321,0
2019-09-03 18:00:00,9.10875668948794,0
2019-09-03 19:00:00,9.385295503559735,0
2019-09-03 20:00:00,7.732455151769105,0
2019-09-03 21:00:00,9.36893100845264,0
2019-09-03 22:00:00,8.776254081502847,0
2019-09-03 23:00:00,8.428959221247425,0
2019-09-04 00:00:00,4.584676239007557,0
2019-09-04 01:00:00,0.21760860794029735,0
2019-09-04 02:00:00,0.0,0
2019-09-04 03:00:00,0.0,0
2019-09-04 04:00:00,0.0,0
2019-09-04 05:00:00,0.0,0
2019-09-04 06:00:00,0.0,0
2019-09-04 07:00:00,0.0,0
2019-09-04 08:00:00,0.0,0
2019-09-04 09:00:00,0.0,0
2019-09-04 10:00:00,0.0,0
2019-09-04 11:00:00,0.0,0
2019-09-04 12:00:00,0.08604666629150448,0
2019-09-04 13:00:00,4.847357106067453,0
2019-09-04 14:00:00,7.5289944692372766,0
2019-09-04 15:00:00,8.441080929173063,0
2019-09-04 16:00:00,8.977123461052818,0
2019-09-04 17:00:00,8.68246196488621,0
2019-09-04 18:00:00,9.828711537043365,0
2019-09-04 19:00:00,9.520238072459005,0
2019-09-04 20:00:00,9.011199731314058,0
2019-09-04 21:00:00,9.18423814201361,0
2019-09-04 22:00:00,8.525583923956185,0
2019-09-04 23:00:00,8.599192379021519,0
2019-09-05 00:00:00,4.459393003203193,0
2019-09-05 01:00:00,0.16467880150281575,0
2019-09-05 02:00:00,0.0,0
2019-09-05 03:00:00,0.0,0
2019-09-05 04:00:00,0.0,0
2019-09-05 05:00:00,0.0,0
2019-09-05 06:00:00,0.0,0
2019-09-05 07:00:00,0.0,0
2019-09-05 08:00:00,0.0,0
2019-09-05 09:00:00,0.0,0
2019-09-05 10:00:00,0.0,0
2019-09-05 11:00:00,0.0,0
2019-09-05 12:00:00,0.100752486797331,0
2019-09-05 13:00:00,4.004896260964021,0
2019-09-05 14:00:00,8.548506935889897,0
2019-09-05 15:00:00,7.859335228309284,0
2019-09-05 16:00:00,9.105409821225978,0
2019-09-05 17:00:00,8.386528176535245,0
2019-09-05 18:00:00,7.825026149519943,0
2019-09-05 19:00:00,9.248627664173055,0
2019-09-05 20:00:00,8.653317815245511,0
2019-09-05 21:00:00,9.06410097770236,0
2019-09-05 22:00:00,9.044404874681536,0
2019-09-05 23:00:00,8.739873752884291,0
2019-09-06 00:00:00,4.327496171120804,0
2019-09-06 01:00:00,0.10749943141900885,0
2019-09-06 02:00:00,0.0,0
2019-09-06 03:00:00,0.0,0
2019-09-06 04:00:00,0.0,0
2019-09-06 05:00:00,0.0,0
2019-09-06 06:00:00,0.0,0
2019-09-06 07:00:00,0.0,0
2019-09-06 08:00:00,0.0,0
2019-09-06 09:00:00,0.0,0
2019-09-06 10:00:00,0.0,0
2019-09-06 11:00:00,0.0,0
2019-09-06 12:00:00,0.058831714415328216,0
2019-09-06 13:00:00,4.015609914331029,0
2019-09-06 14:00:00,7.5034862548004355,0
2019-09-06 15:00:00,9.47664294327062,0
2019-09-06 16:00:00,9.513354681512645,0
2019-09-06 17:00:00,8.796067801556317,0
2019-09-06 18:00:00,8.924846097038978,0
2019-09-06 19:00:00,9.385695836759004,0
2019-09-06 20:00:00,9.113287747889006,0
2019-09-06 21:00:00,8.141527656787353,0
2019-09-06 22:00:00,8.934438400412331,0
2019-09-06 23:00:00,8.558994510941424,0
2019-09-07 00:00:00,4.052604317047034,0
2019-09-07 01:00:00,0.10036689535162914,0
2019-09-07 02:00:00,0.0,0
2019-09-07 03:00:00,0.0,0
2019-09-07 04:00:00,0.0,0
2019-09-07 05:00:00,0.0,0
2019-09-07 06:00:00,0.0,0
2019-09-07 07:00:00,0.0,0
2019-09-07 08:00:00,0.0,0
2019-09-07 09:00:00,0.0,0
2019-09-07 10:00:00,0.0,0
2019-09-07 11:00:00,0.0,0
2019-09-07 12:00:00,0.07138264817088151,0
2019-09-07 13:00:00,4.356048485847607,0
2019-09-07 14:00:00,8.574168359077651,0
2019-09-07 15:00:00,8.47213496414763,0
2019-09-07 16:00:00,8.685400939892654,0
2019-09-07 17:00:00,9.14037090880529,0
2019-09-07 18:00:00,8.83685106667791,0
2019-09-07 19:00:00,9.151286349451917,0
2019-09-07 20:00:00,9.204877783978773,0
2019-09-07 21:00:00,8.567914569930466,0
2019-09-07 22:00:00,8.188081698376356,0
2019-09-07 23:00:00,8.484922704544514,0
2019-09-08 00:00:00,4.164943600980873,0
2019-09-08 01:00:00,0.08182318078367244,0
2019-09-08 02:00:00,0.0,0
2019-09-08 03:00:00,0.0,0
2019-09-08 04:00:00,0.0,0
2019-09-08 05:00:00,0.0,0
2019-09-08 06:00:00,0.0,0
2019-09-08 07:00:00,0.0,0
2019-09-08 08:00:00,0.0,0
2019-09-08 09:00:00,0.0,0
2019-09-08 10:00:00,0.0,0
2019-09-08 11:00:00,0.0,0
2019-09-08 12:00:00,0.05652669137697894,0
2019-09-08 13:00:00,4.5395737039182364,0
2019-09-08 14:00:00,8.35507576987481,0
2019-09-08 15:00:00,8.204797271608113,0
2019-09-08 16:00:00,9.035317979442015,0
2019-09-08 17:00:00,9.555573501715175,0
2019-09-08 18:00:00,9.088424288852638,0
2019-09-08 19:00:00,9.582968926902188,0
2019-09-08 20:00:00,8.985427800465404,0
2019-09-08 21:00:00,9.162752965150903,0
2019-09-08 22:00:00,8.686531010622785,0
2019-09-08 23:00:00,7.380062333766884,0
2019-09-09 00:00:00,3.514876700770007,0
2019-09-09 01:00:00,0.06092887231667047,0
2019-09-09 02:00:00,0.0,0
2019-09-09 03:00:00,0.0,0
2019-09-09 04:00:00,0.0,0
2019-09-09 05:00:00,0.0,0
2019-09-09 06:00:00,0.0,0
2019-09-09 07:00:00,0.0,0
2019-09-09 08:00:00,0.0,0
2019-09-09 09:00:00,0.0,0
2019-09-09 10:00:00,0.0,0
2019-09-09 11:00:00,0.0,0
2019-09-09 12:00:00,0.051547013010615435,0
2019-09-09 13:00:00,3.9250530855271477,0
2019-09-09 14:00:00,8.140975359256773,0
2019-09-09 15:00:00,9.502095704606905,0
2019-09-09 16:00:00,8.309343229887746,0
2019-09-09 17:00:00,9.507431303060608,0
2019-09-09 18:00:00,9.169184865421018,0
2019-09-09 19:00:00,8.726469273255589,0
2019-09-09 20:00:00,7.956613922523538,0
2019-09-09 21:00:00,8.653074626053742,0
2019-09-09 22:00:00,9.336657183753315,0
2019-09-09 23:00:00,8.234174414110344,0
2019-09-10 00:00:00,3.876433292919899,0
2019-09-10 01:00:00,0.027879919614226315,0
2019-09-10 02:00:00,0.0,0
2019-09-10 03:00:00,0.0,0
2019-09-10 04:00:00,0.0,0
2019-09-10 05:00:00,0.0,0
2019-09-10 06:00:00,0.0,0
2019-09-10 07:00:00,0.0,0
2019-09-10 08:00:00,0.0,0
2019-09-10 09:00:00,0.0,0
2019-09-10 10:00:00,0.0,0
2019-09-10 11:00:00,0.0,0
2019-09-10 12:00:00,0.04419723243143756,0
2019-09-10 13:00:00,4.212843711279068,0
2019-09-10 14:00:00,9.096567703558904,0
2019-09-10 15:00:00,8.345656241451591,0
2019-09-10 16:00:00,8.896352913622605,0
2019-09-10 17:00:00,8.872478701796288,0
2019-09-10 18:00:00,9.143712884741467,0
2019-09-10 19:00:00,8.569177713958895,0
2019-09-10 20:00:00,9.40475870015806,0
2019-09-10 21:00:00,8.97718673008589,0
2019-09-10 22:00:00,8.537164350446576,0
2019-09-10 23:00:00,8.286748614519292,0
2019-09-11 00:00:00,3.9496430873201143,0
2019-09-11 01:00:00,0.02187413813346385,0
2019-09-11 02:00:00,0.0,0
2019-09-11 03:00:00,0.0,0
2019-09-11 04:00:00,0.0,0
2019-09-11 05:00:00,0.0,0
2019-09-11 06:00:00,0.0,0
2019-09-11 07:00:00,0.0,0
2019-09-11 08:00:00,0.0,0
2019-09-11 09:00:00,0.0,0
2019-09-11 10:00:00,0.0,0
2019-09-11 11:00:00,0.0,0
2019-09-11 12:00:00,0.030892165363138446,0
2019-09-11 13:00:00,3.923685773118724,0
2019-09-11 14:00:00,7.929455249664108,0
2019-09-11 15:00:00,9.437443174682178,0
2019-09-11 16:00:00,8.830605477674014,0
2019-09-11 17:00:00,9.577734579817994,0
2019-09-11 18:00:00,8.745386534498943,0
2019-09-11 19:00:00,9.312067838010009,0
2019-09-11 20:00:00,8.965540548297943,0
2019-09-11 21:00:00,8.145589423992577,0
2019-09-11 22:00:00,8.06347997154655,0
2019-09-11 23:00:00,8.451782365956378,0
2019-09-12 00:00:00,3.161150314907905,0
2019-09-12 01:00:00,0.012251988815526213,0
2019-09-12 02:00:00,0.0,0
2019-09-12 03:00:00,0.0,0
2019-09-12 04:00:00,0.0,0
2019-09-12 05:00:00,0.0,0
2019-09-12 06:00:00,0.0,0
2019-09-12 07:00:00,0.0,0
2019-09-12 08:00:00,0.0,0
2019-09-12 09:00:00,0.0,0
2019-09-12 10:00:00,0.0,0
2019-09-12 11:00:00,0.0,0
2019-09-12 12:00:00,0.02434184126383077,0
2019-09-12 13:00:00,3.204523657089845,0
2019-09-12 14:00:00,7.964730903903006,0
2019-09-12 15:00:00,8.769798842139002,0
2019-09-12 16:00:00,8.13207709143645,0
2019-09-12 17:00:00,9.190382403468304,0
2019-09-12 18:00:00,8.808342052924305,0
2019-09-12 19:00:00,8.124561250299719,0
2019-09-12 20:00:00,8.677979058133891,0
2019-09-12 21:00:00,7.819775746492538,0
2019-09-12 22:00:00,8.50056070103666,0
2019-09-12 23:00:00,8.407119807034162,0
2019-09-13 00:00:00,3.5928145888450227,0
2019-09-13 01:00:00,0.008433660517139547,0
2019-09-13 02:00:00,0.0,0
2019-09-13 03:00:00,0.0,0
2019-09-13 04:00:00,0.0,0
2019-09-13 05:00:00,0.0,0
2019-09-13 06:00:00,0.0,0
2019-09-13 07:00:00,0.0,0
2019-09-13 08:00:00,0.0,0
2019-09-13 09:00:00,0.0,0
2019-09-13 10:00:00,0.0,0
2019-09-13 11:00:00,0.0,0
2019-09-13 12:00:00,0.020149810958608856,0
2019-09-13 13:00:00,3.0847160209365505,0
2019-09-13 14:00:00,8.246281635884023,0
2019-09-13 15:00:00,9.260180441330318,0
2019-09-13 16:00:00,8.891547136953484,0
2019-09-13 17:00:00,8.36970061964604,0
2019-09-13 18:00:00,9.473037204982818,0
2019-09-13 19:00:00,8.80852278140104,0
2019-09-13 20:00:00,9.111510864293473,0
2019-09-13 21:00:00,8.958694935272385,0
2019-09-13 22:00:00,8.48289852088037,0
2019-09-13 23:00:00,7.837261311274145,0
2019-09-14 00:00:00,3.3342335647495105,0
2019-09-14 01:00:00,0.004115621779908435,0
2019-09-14 02:00:00,0.0,0
2019-09-14 03:00:00,0.0,0
2019-09-14 04:00:00,0.0,0
2019-09-14 05:00:00,0.0,0
2019-09-14 06:00:00,0.0,0
2019-09-14 07:00:00,0.0,0
2019-09-14 08:00:00,0.0,0
2019-09-14 09:00:00,0.0,0
2019-09-14 10:00:00,0.0,0
2019-09-14 11:00:00,0.0,0
2019-09-14 12:00:00,0.010091372226068285,0
2019-09-14 13:00:00,3.4703358144268805,0
2019-09-14 14:00:00,8.645692806742163,0
2019-09-14 15:00:00,8.75568613772497,0
2019-09-14 16:00:00,8.774088974514578,0
2019-09-14 17:00:00,9.064566597682935,0
2019-09-14 18:00:00,9.190718524314773,0
2019-09-14 19:00:00,8.898274107508078,0
2019-09-14 20:00:00,8.769763089165492,0
2019-09-14 21:00:00,8.89466390596988,0
2019-09-14 22:00:00,8.733185960780993,0
2019-09-14 23:00:00,7.786073471633937,0
2019-09-15 00:00:00,3.346956869906473,0
2019-09-15 01:00:00,0.0,0
2019-09-15 02:00:00,0.0,0
2019-09-15 03:00:00,0.0,0
2019-09-15 04:00:00,0.0,0
2019-09-15 05:00:00,0.0,0
2019-09-15 06:00:00,0.0,0
2019-09-15 07:00:00,0.0,0
2019-09-15 08:00:00,0.0,0
2019-09-15 09:00:00,0.0,0
2019-09-15 10:00:00,0.0,0
2019-09-15 11:00:00,0.0,0
2019-09-15 12:00:00,0.006392730353758108,0
2019-09-15 13:00:00,3.6962715085185223,0
2019-09-15 14:00:00,8.63873176384642,0
2019-09-15 15:00:00,8.921355137521347,0
2019-09-15 16:00:00,8.474220300001814,0
2019-09-15 17:00:00,8.248391453868328,0
2019-09-15 18:00:00,9.445693241351316,0
2019-09-15 19:00:00,9.02436555524495,0
2019-09-15 20:00:00,8.816938924376052,0
2019-09-15 21:00:00,8.477414714710502,0
2019-09-15 22:00:00,9.223246726211118,0
2019-09-15 23:00:00,8.107577450079193,0
2019-09-16 00:00:00,2.9523666091904595,0
2019-09-16 01:00:00,0.0,0
2019-09-16 02:00:00,0.0,0
2019-09-16 03:00:00,0.0,0
2019-09-16 04:00:00,0.0,0
2019-09-16 05:00:00,0.0,0
2019-09-16 06:00:00,0.0,0
2019-09-16 07:00:00,0.0,0
2019-09-16 08:00:00,0.0,0
2019-09-16 09:00:00,0.0,0
2019-09-16 10:00:00,0.0,0
2019-09-16 11:00:00,0.0,0
2019-09-16 12:00:00,0.004119658113529352,0
2019-09-16 13:00:00,3.420188469544444,0
2019-09-16 14:00:00,7.771793650650953,0
2019-09-16 15:00:00,7.923255753106672,0
2019-09-16 16:00:00,9.581757742618272,0
2019-09-16 17:00:00,9.455352348843773,0
2019-09-16 18:00:00,8.621623488379589,0
2019-09-16 19:00:00,8.196173417477139,0
2019-09-16 20:00:00,9.214413038730578,0
2019-09-16 21:00:00,8.960722758708098,0
2019-09-16 22:00:00,9.541589229717497,0
2019-09-16 23:00:00,7.483910330589905,0
2019-09-17 00:00:00,3.078667089670105,0
2019-09-17 01:00:00,0.0,0
2019-09-17 02:00:00,0.0,0
2019-09-17 03:00:00,0.0,0
2019-09-17 04:00:00,0.0,0
2019-09-17 05:00:00,0.0,0
2019-09-17 06:00:00,0.0,0
2019-09-17 07:00:00,0.0,0
2019-09-17 08:00:00,0.0,0
2019-09-17 09:00:00,0.0,0
2019-09-17 10:00:00,0.0,0
2019-09-17 11:00:00,0.0,0
2019-09-17 12:00:00,0.0025817646867914517,0
2019-09-17 13:00:00,3.3918568121530916,0
2019-09-17 14:00:00,7.647972030369417,0
2019-09-17 15:00:00,8.05581377238376,0
2019-09-17 16:00:00,8.762000639450141,0
2019-09-17 17:00:00,7.709687799818191,0
2019-09-17 18:00:00,8.647931887835687,0
2019-09-17 19:00:00,8.607059633718885,0
2019-09-17 20:00:00,8.43399472319881,0
2019-09-17 21:00:00,8.8725015862672,0
2019-09-17 22:00:00,8.854609457966456,0
2019-09-17 23:00:00,7.7837849685621805,0
2019-09-18 00:00:00,2.4430110392221436,0
2019-09-18 01:00:00,0.0,0
2019-09-18 02:00:00,0.0,0
2019-09-18 03:00:00,0.0,0
2019-09-18 04:00:00,0.0,0
2019-09-18 05:00:00,0.0,0
2019-09-18 06:00:00,0.0,0
2019-09-18 07:00:00,0.0,0
2019-09-18 08:00:00,0.0,0
2019-09-18 09:00:00,0.0,0
2019-09-18 10:00:00,0.0,0
2019-09-18 11:00:00,0.0,0
2019-09-18 12:00:00,0.0017660875263970602,0
2019-09-18 13:00:00,2.7335983798157675,0
2019-09-18 14:00:00,7.56845377295674,0
2019-09-18 15:00:00,8.579604077846954,0
2019-09-18 16:00:00,8.683706202095443,0
2019-09-18 17:00:00,8.244751905652459,0
2019-09-18 18:00:00,8.221301323147765,0
2019-09-18 19:00:00,8.315273375236885,0
2019-09-18 20:00:00,8.28008628637119,0
2019-09-18 21:00:00,9.026817037821209,0
2019-09-18 22:00:00,8.850672102093474,0
2019-09-18 23:00:00,8.44143686721806,0
2019-09-19 00:00:00,2.4065180276253972,0
2019-09-19 01:00:00,0.0,0
2019-09-19 02:00:00,0.0,0
2019-09-19 03:00:00,0.0,0
2019-09-19 04:00:00,0.0,0
2019-09-19 05:00:00,0.0,0
2019-09-19 06:00:00,0.0,0
2019-09-19 07:00:00,0.0,0
2019-09-19 08:00:00,0.0,0
2019-09-19 09:00:00,0.0,0
2019-09-19 10:00:00,0.0,0
2019-09-19 11:00:00,0.0,0
2019-09-19 12:00:00,0.00016281558395937043,0
2019-09-19 13:00:00,3.1774173049219487,0
2019-09-19 14:00:00,7.943159285414552,0
2019-09-19 15:00:00,8.761093451095041,0
2019-09-19 16:00:00,9.212144195461214,0
2019-09-19 17:00:00,7.9280418451072565,0
2019-09-19 18:00:00,7.774229006373388,0
2019-09-19 19:00:00,8.997517880880197,0
2019-09-19 20:00:00,8.845015559175057,0
2019-09-19 21:00:00,9.559109345983044,0
2019-09-19 22:00:00,9.026128602816955,0
2019-09-19 23:00:00,7.086820749151798,0
2019-09-20 00:00:00,2.3296839633848245,0
2019-09-20 01:00:00,0.0,0
2019-09-20 02:00:00,0.0,0
2019-09-20 03:00:00,0.0,0
2019-09-20 04:00:00,0.0,0
2019-09-20 05:00:00,0.0,0
2019-09-20 06:00:00,0.0,0
2019-09-20 07:00:00,0.0,0
2019-09-20 08:00:00,0.0,0
2019-09-20 09:00:00,0.0,0
2019-09-20 10:00:00,0.0,0
2019-09-20 11:00:00,0.0,0
2019-09-20 12:00:00,0.0,0
2019-09-20 13:00:00,2.9626021891254166,0
2019-09-20 14:00:00,8.700237437888957,0
2019-09-20 15:00:00,9.338695429128672,0
2019-09-20 16:00:00,8.794395553002138,0
2019-09-20 17:00:00,8.232730308941582,0
2019-09-20 18:00:00,9.42145830106428,0
2019-09-20 19:00:00,9.004558336449284,0
2019-09-20 20:00:00,8.656458829573422,0
2019-09-20 21:00:00,8.918164105510515,0
2019-09-20 22:00:00,8.658449711099971,0
2019-09-20 23:00:00,7.493647262152174,0
2019-09-21 00:00:00,2.1625157792000103,0
2019-09-21 01:00:00,0.0,0
2019-09-21 02:00:00,0.0,0
2019-09-21 03:00:00,0.0,0
2019-09-21 04:00:00,0.0,0
2019-09-21 05:00:00,0.0,0
2019-09-21 06:00:00,0.0,0
2019-09-21 07:00:00,0.0,0
2019-09-21 08:00:00,0.0,0
2019-09-21 09:00:00,0.0,0
2019-09-21 10:00:00,0.0,0
2019-09-21 11:00:00,0.0,0
2019-09-21 12:00:00,0.0,0
2019-09-21 13:00:00,2.6933222816628373,0
2019-09-21 14:00:00,7.936392248158423,0
2019-09-21 15:00:00,8.519499113032778,0
2019-09-21 16:00:00,8.113044196291392,0
2019-09-21 17:00:00,8.734175425752126,0
2019-09-21 18:00:00,9.259409002603197,0
2019-09-21 19:00:00,8.997420038240055,0
2019-09-21 20:00:00,8.498405294220744,0
2019-09-21 21:00:00,9.473781686664056,0
2019-09-21 22:00:00,8.607604473131802,0
2019-09-21 23:00:00,6.863747101559928,0
2019-09-22 00:00:00,2.2150837173378863,0
2019-09-22 01:00:00,0.0,0
2019-09-22 02:00:00,0.0,0
2019-09-22 03:00:00,0.0,0
2019-09-22 04:00:00,0.0,0
2019-09-22 05:00:00,0.0,0
2019-09-22 06:00:00,0.0,0
2019-09-22 07:00:00,0.0,0
2019-09-22 08:00:00,0.0,0
2019-09-22 09:00:00,0.0,0
2019-09-22 10:00:00,0.0,0
2019-09-22 11:00:00,0.0,0
2019-09-22 12:00:00,0.0,0
2019-09-22 13:00:00,2.930584052797489,0
2019-09-22 14:00:00,8.094790006605539,0
2019-09-22 15:00:00,8.386715412163325,0
2019-09-22 16:00:00,9.13374094203023,0
2019-09-22 17:00:00,8.351218752113345,0
2019-09-22 18:00:00,8.327006210147566,0
2019-09-22 19:00:00,8.576651793458078,0
2019-09-22 20:00:00,8.746698163230345,0
2019-09-22 21:00:00,7.998587901031631,0
2019-09-22 22:00:00,9.004037610359724,0
2019-09-22 23:00:00,7.738604891683026,0
2019-09-23 00:00:00,1.7321050256124595,0
2019-09-23 01:00:00,0.0,0
2019-09-23 02:00:00,0.0,0
2019-09-23 03:00:00,0.0,0
2019-09-23 04:00:00,0.0,0
2019-09-23 05:00:00,0.0,0
2019-09-23 06:00:00,0.0,0
2019-09-23 07:00:00,0.0,0
2019-09-23 08:00:00,0.0,0
2019-09-23 09:00:00,0.0,0
2019-09-23 10:00:00,0.0,0
2019-09-23 11:00:00,0.0,0
2019-09-23 12:00:00,0.0,0
2019-09-23 13:00:00,3.148943196924207,0
2019-09-23 14:00:00,8.337945954035213,0
2019-09-23 15:00:00,8.583412073622219,0
2019-09-23 16:00:00,8.979465569955712,0
2019-09-23 17:00:00,8.126169827861897,0
2019-09-23 18:00:00,9.42374226013879,0
2019-09-23 19:00:00,8.958582975917198,0
2019-09-23 20:00:00,9.274193736235736,0
2019-09-23 21:00:00,8.831640133491398,0
2019-09-23 22:00:00,8.566353643331107,0
2019-09-23 23:00:00,7.819314372547957,0
2019-09-24 00:00:00,1.7448290878273613,0
2019-09-24 01:00:00,0.0,0
2019-09-24 02:00:00,0.0,0
2019-09-24 03:00:00,0.0,0
2019-09-24 04:00:00,0.0,0
2019-09-24 05:00:00,0.0,0
2019-09-24 06:00:00,0.0,0
2019-09-24 07:00:00,0.0,0
2019-09-24 08:00:00,0.0,0
2019-09-24 09:00:00,0.0,0
2019-09-24 10:00:00,0.0,0
2019-09-24 11:00:00,0.0,0
2019-09-24 12:00:00,0.0,0
2019-09-24 13:00:00,3.061595227203462,0
2019-09-24 14:00:00,7.8594920380798365,0
2019-09-24 15:00:00,8.72254252526721,0
2019-09-24 16:00:00,8.861627373282817,0
2019-09-24 17:00:00,8.323461686933621,0
2019-09-24 18:00:00,9.045577426379891,0
2019-09-24 19:00:00,8.687676525389334,0
2019-09-24 20:00:00,9.508401719561098,0
2019-09-24 21:00:00,8.926848540704402,0
2019-09-24 22:00:00,8.81204957938395,0
2019-09-24 23:00:00,7.717634014967808,0
2019-09-25 00:00:00,1.7694874200117165,0
2019-09-25 01:00:00,0.0,0
2019-09-25 02:00:00,0.0,0
2019-09-25 03:00:00,0.0,0
2019-09-25 04:00:00,0.0,0
2019-09-25 05:00:00,0.0,0
2019-09-25 06:00:00,0.0,0
2019-09-25 07:00:00,0.0,0
2019-09-25 08:00:00,0.0,0
2019-09-25 09:00:00,0.0,0
2019-09-25 10:00:00,0.0,0
2019-09-25 11:00:00,0.0,0
2019-09-25 12:00:00,0.0,0
2019-09-25 13:00:00,2.7985220288619668,0
2019-09-25 14:00:00,7.851618062536709,0
2019-09-25 15:00:00,8.369691195373177,0
2019-09-25 16:00:00,8.465362636430308,0
2019-09-25 17:00:00,8.676723330601368,0
2019-09-25 18:00:00,8.288182458820435,0
2019-09-25 19:00:00,8.582979188855985,0
2019-09-25 20:00:00,8.347210351518804,0
2019-09-25 21:00:00,8.727421595888865,0
2019-09-25 22:00:00,9.172651692167864,0
2019-09-25 23:00:00,7.253835991030972,0
2019-09-26 00:00:00,1.7498520986549668,0
2019-09-26 01:00:00,0.0,0
2019-09-26 02:00:00,0.0,0
2019-09-26 03:00:00,0.0,0
2019-09-26 04:00:00,0.0,0
2019-09-26 05:00:00,0.0,0
2019-09-26 06:00:00,0.0,0
2019-09-26 07:00:00,0.0,0
2019-09-26 08:00:00,0.0,0
2019-09-26 09:00:00,0.0,0
2019-09-26 10:00:00,0.0,0
2019-09-26 11:00:00,0.0,0
2019-09-26 12:00:00,0.0,0
2019-09-26 13:00:00,2.8634537673870146,0
2019-09-26 14:00:00,8.797080069178847,0
2019-09-26 15:00:00,9.4591485059801,0
2019-09-26 16:00:00,7.926732531582098,0
2019-09-26 17:00:00,9.443910159919575,0
2019-09-26 18:00:00,8.981895180880274,0
2019-09-26 19:00:00,8.356143510778905,0
2019-09-26 20:00:00,9.032836113572296,0
2019-09-26 21:00:00,8.690163487001223,0
2019-09-26 22:00:00,9.04144347944975,0
2019-09-26 23:00:00,7.71618117706526,0
2019-09-27 00:00:00,1.5262761017550437,0
2019-09-27 01:00:00,0.0,0
2019-09-27 02:00:00,0.0,0
2019-09-27 03:00:00,0.0,0
2019-09-27 04:00:00,0.0,0
2019-09-27 05:00:00,0.0,0
2019-09-27 06:00:00,0.0,0
2019-09-27 07:00:00,0.0,0
2019-09-27 08:00:00,0.0,0
2019-09-27 09:00:00,0.0,0
2019-09-27 10:00:00,0.0,0
2019-09-27 11:00:00,0.0,0
2019-09-27 12:00:00,0.0,0
2019-09-27 13:00:00,2.635146127906235,0
2019-09-27 14:00:00,8.145302854049612,0
2019-09-27 15:00:00,8.815960884545266,0
2019-09-27 16:00:00,9.491068438020237,0
2019-09-27 17:00:00,8.707150500182985,0
2019-09-27 18:00:00,9.037537352926067,0
2019-09-27 19:00:00,9.558374452686836,0
2019-09-27 20:00:00,8.512394938058778,0
2019-09-27 21:00:00,8.807801989014255,0
2019-09-27 22:00:00,8.525066403401402,0
2019-09-27 23:00:00,6.8948200596111455,0
2019-09-28 00:00:00,1.4817752083650169,0
2019-09-28 01:00:00,0.0,0
2019-09-28 02:00:00,0.0,0
2019-09-28 03:00:00,0.0,0
2019-09-28 04:00:00,0.0,0
2019-09-28 05:00:00,0.0,0
2019-09-28 06:00:00,0.0,0
2019-09-28 07:00:00,0.0,0
2019-09-28 08:00:00,0.0,0
2019-09-28 09:00:00,0.0,0
2019-09-28 10:00:00,0.0,0
2019-09-28 11:00:00,0.0,0
2019-09-28 12:00:00,0.0,0
2019-09-28 13:00:00,2.530019773652372,0
2019-09-28 14:00:00,7.9894562430993,0
2019-09-28 15:00:00,9.144187503598511,0
2019-09-28 16:00:00,8.313085213392908,0
2019-09-28 17:00:00,8.405435236922342,0
2019-09-28 18:00:00,8.852621361387172,0
2019-09-28 19:00:00,8.23320548243388,0
2019-09-28 20:00:00,9.194373576037208,0
2019-09-28 21:00:00,9.123071902721383,0
2019-09-28 22:00:00,8.622948254155778,0
2019-09-28 23:00:00,6.357674633298206,0
2019-09-29 00:00:00,1.221675827343889,0
2019-09-29 01:00:00,0.0,0
2019-09-29 02:00:00,0.0,0
2019-09-29 03:00:00,0.0,0
2019-09-29 04:00:00,0.0,0
2019-09-29 05:00:00,0.0,0
2019-09-29 06:00:00,0.0,0
2019-09-29 07:00:00,0.0,0
2019-09-29 08:00:00,0.0,0
2019-09-29 09:00:00,0.0,0
2019-09-29 10:00:00,0.0,0
2019-09-29 11:00:00,0.0,0
2019-09-29 12:00:00,0.0,0
2019-09-29 13:00:00,2.096054388937571,0
2019-09-29 14:00:00,7.497481923542661,0
2019-09-29 15:00:00,8.237442515684894,0
2019-09-29 16:00:00,8.719251752231983,0
2019-09-29 17:00:00,9.596251674777504,0
2019-09-29 18:00:00,9.189776109348275,0
2019-09-29 19:00:00,8.535912781174973,0
2019-09-29 20:00:00,8.86943469083071,0
2019-09-29 21:00:00,8.232668659143963,0
2019-09-29 22:00:00,9.146801989541855,0
2019-09-29 23:00:00,7.608677415204668,0
2019-09-30 00:00:00,1.0631457191193967,0
2019-09-30 01:00:00,0.0,0
2019-09-30 02:00:00,0.0,0
2019-09-30 03:00:00,0.0,0
2019-09-30 04:00:00,0.0,0
2019-09-30 05:00:00,0.0,0
2019-09-30 06:00:00,0.0,0
2019-09-30 07:00:00,0.0,0
2019-09-30 08:00:00,0.0,0
2019-09-30 09:00:00,0.0,0
2019-09-30 10:00:00,0.0,0
2019-09-30 11:00:00,0.0,0
2019-09-30 12:00:00,0.0,0
2019-09-30 13:00:00,2.3184024508076213,0
2019-09-30 14:00:00,7.666017699546793,0
2019-09-30 15:00:00,9.332481998732433,0
2019-09-30 16:00:00,8.381864295255532,0
2019-09-30 17:00:00,9.703016520670287,0
2019-09-30 18:00:00,8.47995475346324,0
2019-09-30 19:00:00,9.148908123671156,0
2019-09-30 20:00:00,9.218203884653985,0
2019-09-30 21:00:00,8.371073333320195,0
2019-09-30 22:00:00,9.107465764383315,0
2019-09-30 23:00:00,6.030105365020841,0
